idna_subject,checker_type,destination,tested_at
ads.schmoozecom.net,AVAILABILITY,domains.list,2026-09-27 12:05:10.202922+00:00
random-affiliate.atimaze.com,AVAILABILITY,domains.list,2026-09-27 12:05:11.494797+00:00
stw.extreme-down.lifestyle,AVAILABILITY,domains.list,2026-09-27 12:05:11.883926+00:00
crowdstrikedown.site,AVAILABILITY,domains.list,2026-09-27 12:05:12.282722+00:00
crowdstrike0day.com,AVAILABILITY,domains.list,2026-09-27 12:05:12.547011+00:00
io-sol.vip,AVAILABILITY,domains.list,2026-09-27 12:05:16.362761+00:00
desablums.com,AVAILABILITY,domains.list,2026-09-27 12:05:16.695642+00:00
image-eu-na-ctnytbefjq.4shares.live,AVAILABILITY,domains.list,2026-09-27 12:05:18.293098+00:00
raydium.io-sol.vip,AVAILABILITY,domains.list,2026-09-27 12:05:18.509137+00:00
wntokfh.frp,AVAILABILITY,domains.list,2026-09-27 12:05:18.836646+00:00
app-uni-infos.com,AVAILABILITY,domains.list,2026-09-27 12:05:19.149465+00:00
theuni-swap.com,AVAILABILITY,domains.list,2026-09-27 12:05:19.493590+00:00
p.vidembed.re,AVAILABILITY,domains.list,2026-09-27 12:05:19.881273+00:00
log.globotv.space,AVAILABILITY,domains.list,2026-09-27 12:05:20.224678+00:00
pts.globotv.space,AVAILABILITY,domains.list,2026-09-27 12:05:20.520836+00:00
bjtlm.com,AVAILABILITY,domains.list,2026-09-27 12:05:20.866900+00:00
keeppaswrd.com,AVAILABILITY,domains.list,2026-09-27 12:05:21.201432+00:00
maling.roidusat.com,AVAILABILITY,domains.list,2026-09-27 12:05:21.582597+00:00
alpaca-flnance.com,AVAILABILITY,domains.list,2026-09-27 12:05:21.969655+00:00
api.fguy1-dssdhcyua9dsf8fg.xyz,AVAILABILITY,domains.list,2026-09-27 12:05:22.419326+00:00
keegass.com,AVAILABILITY,domains.list,2026-09-27 12:05:22.775240+00:00
postislan.top,AVAILABILITY,domains.list,2026-09-27 12:05:24.236171+00:00
xhsbpza.com,AVAILABILITY,domains.list,2026-09-27 12:05:24.544695+00:00
xxx.allover.co.za,AVAILABILITY,domains.list,2026-09-27 12:05:32.267568+00:00
auth.githubtalentcommunity.online,AVAILABILITY,domains.list,2026-09-27 12:05:32.489635+00:00
txrx.bol.com,AVAILABILITY,domains.list,2026-09-27 12:05:32.984438+00:00
ylxq.gtm-dukelgagigal.com,AVAILABILITY,domains.list,2026-09-27 12:05:33.269990+00:00
sactionedsuicide.site,AVAILABILITY,domains.list,2026-09-27 12:05:33.564914+00:00
kpiw.ooredoo.dz,AVAILABILITY,domains.list,2026-09-27 12:05:36.938226+00:00
api.sjowj.com,AVAILABILITY,domains.list,2026-09-27 12:05:37.273395+00:00
api.wedygh.com,AVAILABILITY,domains.list,2026-09-27 12:05:37.652135+00:00
accounts.you.tube-award.pro,AVAILABILITY,domains.list,2026-09-27 12:05:38.281789+00:00
copyright.you.tube-award.pro,AVAILABILITY,domains.list,2026-09-27 12:05:39.051048+00:00
you.tube-award.pro,AVAILABILITY,domains.list,2026-09-27 12:05:39.357105+00:00
directlink.thomecallex.com,AVAILABILITY,domains.list,2026-09-27 12:05:39.715847+00:00
api.skfudf763-dsfew95-90fjksj.xyz,AVAILABILITY,domains.list,2026-09-27 12:05:40.144840+00:00
yebo.yeboyingshi.vip,AVAILABILITY,domains.list,2026-09-27 12:05:40.437876+00:00
direct27423.downloadsrvs.com,AVAILABILITY,domains.list,2026-09-27 12:05:40.766931+00:00
api.7dshfewr-0ewfivjkys.xyz,AVAILABILITY,domains.list,2026-09-27 12:05:41.220119+00:00
api.dsh896cds-kjlal99ys.xyz,AVAILABILITY,domains.list,2026-09-27 12:05:41.618520+00:00
api.hfk128dfs-dsfbheuoys.xyz,AVAILABILITY,domains.list,2026-09-27 12:05:42.040441+00:00
api.jfdkgj98dsd-zvdssv079ys.xyz,AVAILABILITY,domains.list,2026-09-27 12:05:42.459210+00:00
api.hasbh6sb-hab3216jhxbxjh.xyz,AVAILABILITY,domains.list,2026-09-27 12:05:42.921913+00:00
api.uygwuq-cbiue2efwer2-wef.xyz,AVAILABILITY,domains.list,2026-09-27 12:05:43.470559+00:00
api.fdhfk8-324fddf.xyz,AVAILABILITY,domains.list,2026-09-27 12:05:43.916462+00:00
api.hfib5s-sdds-248d.xyz,AVAILABILITY,domains.list,2026-09-27 12:05:44.427188+00:00
api.ihu-3324dss-5fvs.xyz,AVAILABILITY,domains.list,2026-09-27 12:05:44.908671+00:00
api.sihfsi-dfsg25fd.xyz,AVAILABILITY,domains.list,2026-09-27 12:05:45.337505+00:00
api.yewg8dv-ds2dssd.xyz,AVAILABILITY,domains.list,2026-09-27 12:05:45.776645+00:00
keepass.me,AVAILABILITY,domains.list,2026-09-27 12:05:48.821318+00:00
crowdstrikedoomsday.com,AVAILABILITY,domains.list,2026-09-27 12:05:49.181419+00:00
crowdstrikebluescreen.com,AVAILABILITY,domains.list,2026-09-27 12:05:49.472775+00:00
crowdstriketoken.com,AVAILABILITY,domains.list,2026-09-27 12:05:49.832424+00:00
0maill.com,AVAILABILITY,domains.list,2026-09-27 12:05:50.180998+00:00
alicante-news.com,AVAILABILITY,domains.list,2026-09-27 12:05:50.502472+00:00
book-your-test.com,AVAILABILITY,domains.list,2026-09-27 12:05:50.804256+00:00
app-mobile-live.com,AVAILABILITY,domains.list,2026-09-27 12:05:51.091477+00:00
getsafemask.com,AVAILABILITY,domains.list,2026-09-27 12:05:51.453310+00:00
kartenluchs.com,AVAILABILITY,domains.list,2026-09-27 12:05:51.722848+00:00
kunden24.com,AVAILABILITY,domains.list,2026-09-27 12:05:51.997598+00:00
fdyn.pubwise.io,AVAILABILITY,domains.list,2026-09-27 12:05:52.536947+00:00
track.atom-ds.com,AVAILABILITY,domains.list,2026-09-27 12:06:00.726872+00:00
io-v6.bet,AVAILABILITY,domains.list,2026-09-27 12:06:01.532855+00:00
coiincmi.com,AVAILABILITY,domains.list,2026-09-27 12:06:01.835053+00:00
